Name,"Census Tract ID","Households by Income (Current Year) | Median Household Income (Current Year $), 2025"
"CT0001.00, Toronto, ON",5350001.00,170288.94
"CT0002.00, Toronto, ON",5350002.00,106602.42
"CT0003.00, Toronto, ON",5350003.00,78402.38
"CT0004.00, Toronto, ON",5350004.00,51020.23
"CT0005.00, Toronto, ON",5350005.00,75669.91
"CT0006.00, Toronto, ON",5350006.00,71105.67
"CT0007.01, Toronto, ON",5350007.01,55730.09
"CT0007.02, Toronto, ON",5350007.02,58303.42
"CT0008.01, Toronto, ON",5350008.01,118009.12
"CT0008.02, Toronto, ON",5350008.02,104325.36
"CT0009.00, Toronto, ON",5350009.00,36708.66
"CT0010.01, Toronto, ON",5350010.01,134083.31
"CT0010.02, Toronto, ON",5350010.02,105233.77
"CT0011.01, Toronto, ON",5350011.01,120151.11
"CT0011.02, Toronto, ON",5350011.02,107593.48
"CT0011.03, Toronto, ON",5350011.03,109403.5
"CT0012.01, Toronto, ON",5350012.01,100896.73
"CT0012.03, Toronto, ON",5350012.03,116584.42
"CT0012.04, Toronto, ON",5350012.04,116855.83
"CT0013.01, Toronto, ON",5350013.01,106943.64
"CT0013.02, Toronto, ON",5350013.02,119314.63
"CT0014.00, Toronto, ON",5350014.00,161548.4
"CT0015.00, Toronto, ON",5350015.00,130062.02
"CT0016.00, Toronto, ON",5350016.00,110235.8
"CT0017.01, Toronto, ON",5350017.01,146012
"CT0017.02, Toronto, ON",5350017.02,70771.19
"CT0018.00, Toronto, ON",5350018.00,121118.1
"CT0019.00, Toronto, ON",5350019.00,92930.66
"CT0020.00, Toronto, ON",5350020.00,205564.46
"CT0021.00, Toronto, ON",5350021.00,102306.01
"CT0022.00, Toronto, ON",5350022.00,204086.01
"CT0023.00, Toronto, ON",5350023.00,171115.46
"CT0024.00, Toronto, ON",5350024.00,146424.55
"CT0025.00, Toronto, ON",5350025.00,102340.11
"CT0026.00, Toronto, ON",5350026.00,119166.02
"CT0027.00, Toronto, ON",5350027.00,121321
"CT0028.01, Toronto, ON",5350028.01,164224.15
"CT0028.02, Toronto, ON",5350028.02,129922.68
"CT0029.00, Toronto, ON",5350029.00,107248.03
"CT0030.00, Toronto, ON",5350030.00,84668.82
"CT0031.00, Toronto, ON",5350031.00,59150.25
"CT0032.00, Toronto, ON",5350032.00,38439.46
"CT0033.00, Toronto, ON",5350033.00,35286.66
"CT0034.01, Toronto, ON",5350034.01,61923.05
"CT0034.02, Toronto, ON",5350034.02,68316.5
"CT0035.00, Toronto, ON",5350035.00,70014.74
"CT0036.00, Toronto, ON",5350036.00,73436.32
"CT0037.00, Toronto, ON",5350037.00,55688.83
"CT0038.00, Toronto, ON",5350038.00,51181.95
"CT0039.00, Toronto, ON",5350039.00,61284.98
"CT0040.00, Toronto, ON",5350040.00,97559.33
"CT0041.00, Toronto, ON",5350041.00,112399.6
"CT0042.00, Toronto, ON",5350042.00,93393.45
"CT0043.00, Toronto, ON",5350043.00,130448.2
"CT0044.01, Toronto, ON",5350044.01,116497.9
"CT0044.02, Toronto, ON",5350044.02,88899.75
"CT0045.00, Toronto, ON",5350045.00,90065.36
"CT0046.00, Toronto, ON",5350046.00,103056.35
"CT0047.02, Toronto, ON",5350047.02,52862.39
"CT0047.03, Toronto, ON",5350047.03,128440.19
"CT0047.04, Toronto, ON",5350047.04,153034.82
"CT0048.00, Toronto, ON",5350048.00,113645.79
"CT0049.00, Toronto, ON",5350049.00,139265.87
"CT0050.01, Toronto, ON",5350050.01,119867.17
"CT0050.03, Toronto, ON",5350050.03,143328.74
"CT0050.04, Toronto, ON",5350050.04,107930.05
"CT0051.00, Toronto, ON",5350051.00,122944.4
"CT0052.00, Toronto, ON",5350052.00,124579.82
"CT0053.00, Toronto, ON",5350053.00,102416.85
"CT0054.00, Toronto, ON",5350054.00,80292.61
"CT0055.00, Toronto, ON",5350055.00,103209.31
"CT0056.00, Toronto, ON",5350056.00,112520.14
"CT0057.00, Toronto, ON",5350057.00,84695.8
"CT0058.00, Toronto, ON",5350058.00,96022.62
"CT0059.00, Toronto, ON",5350059.00,91054.24
"CT0060.00, Toronto, ON",5350060.00,91144.94
"CT0061.00, Toronto, ON",5350061.00,33745.68
"CT0062.01, Toronto, ON",5350062.01,72816.57
"CT0062.03, Toronto, ON",5350062.03,68497.06
"CT0062.04, Toronto, ON",5350062.04,52086.16
"CT0063.03, Toronto, ON",5350063.03,87402.78
"CT0063.04, Toronto, ON",5350063.04,56171.43
"CT0063.05, Toronto, ON",5350063.05,72569.49
"CT0063.06, Toronto, ON",5350063.06,64916.48
"CT0064.00, Toronto, ON",5350064.00,81740.84
"CT0065.01, Toronto, ON",5350065.01,59327.9
"CT0065.02, Toronto, ON",5350065.02,50088.82
"CT0066.00, Toronto, ON",5350066.00,68882.37
"CT0067.00, Toronto, ON",5350067.00,170443.77
"CT0068.00, Toronto, ON",5350068.00,138419.57
"CT0069.00, Toronto, ON",5350069.00,186721.45
"CT0070.00, Toronto, ON",5350070.00,98277.62
"CT0071.00, Toronto, ON",5350071.00,126290.08
"CT0072.01, Toronto, ON",5350072.01,77333.8
"CT0072.02, Toronto, ON",5350072.02,122002.29
"CT0073.00, Toronto, ON",5350073.00,113760.3
"CT0074.00, Toronto, ON",5350074.00,90952.76
"CT0075.00, Toronto, ON",5350075.00,96495.42
"CT0076.00, Toronto, ON",5350076.00,107975.84
"CT0077.00, Toronto, ON",5350077.00,132769.84
"CT0078.00, Toronto, ON",5350078.00,98747.04
"CT0079.00, Toronto, ON",5350079.00,152230.31
"CT0080.01, Toronto, ON",5350080.01,108479.95
"CT0080.02, Toronto, ON",5350080.02,71372.17
"CT0081.00, Toronto, ON",5350081.00,135155.31
"CT0082.00, Toronto, ON",5350082.00,120255.98
"CT0083.00, Toronto, ON",5350083.00,98866.59
"CT0084.00, Toronto, ON",5350084.00,136442.63
"CT0085.00, Toronto, ON",5350085.00,91022.95
"CT0086.00, Toronto, ON",5350086.00,503051.32
"CT0087.00, Toronto, ON",5350087.00,186404.81
"CT0088.00, Toronto, ON",5350088.00,97716.82
"CT0089.00, Toronto, ON",5350089.00,124900.24
"CT0090.00, Toronto, ON",5350090.00,123311.15
"CT0091.01, Toronto, ON",5350091.01,92834.4
"CT0091.02, Toronto, ON",5350091.02,70744.14
"CT0092.00, Toronto, ON",5350092.00,90885.19
"CT0093.00, Toronto, ON",5350093.00,116853.67
"CT0094.00, Toronto, ON",5350094.00,108250.5
"CT0095.00, Toronto, ON",5350095.00,97738.92
"CT0096.01, Toronto, ON",5350096.01,89130
"CT0096.02, Toronto, ON",5350096.02,92375.02
"CT0097.01, Toronto, ON",5350097.01,87749.23
"CT0097.03, Toronto, ON",5350097.03,62859.26
"CT0097.04, Toronto, ON",5350097.04,88723.91
"CT0098.00, Toronto, ON",5350098.00,107096.01
"CT0099.00, Toronto, ON",5350099.00,78998.47
"CT0100.00, Toronto, ON",5350100.00,107810.98
"CT0101.00, Toronto, ON",5350101.00,101419.94
"CT0102.02, Toronto, ON",5350102.02,74570.34
"CT0102.03, Toronto, ON",5350102.03,87744.68
"CT0102.04, Toronto, ON",5350102.04,120396.61
"CT0102.05, Toronto, ON",5350102.05,118207.61
"CT0103.00, Toronto, ON",5350103.00,154379.02
"CT0104.00, Toronto, ON",5350104.00,182643.12
"CT0105.00, Toronto, ON",5350105.00,116049.59
"CT0106.00, Toronto, ON",5350106.00,107245.08
"CT0107.00, Toronto, ON",5350107.00,109880.25
"CT0108.00, Toronto, ON",5350108.00,69570.58
"CT0109.00, Toronto, ON",5350109.00,114475.1
"CT0110.00, Toronto, ON",5350110.00,101658.27
"CT0111.00, Toronto, ON",5350111.00,113091.74
"CT0112.00, Toronto, ON",5350112.00,102002.32
"CT0113.00, Toronto, ON",5350113.00,113332.76
"CT0114.00, Toronto, ON",5350114.00,93029.38
"CT0115.00, Toronto, ON",5350115.00,101028.05
"CT0116.00, Toronto, ON",5350116.00,114571.92
"CT0117.00, Toronto, ON",5350117.00,143430.26
"CT0118.00, Toronto, ON",5350118.00,128351.4
"CT0119.00, Toronto, ON",5350119.00,126045.69
"CT0120.00, Toronto, ON",5350120.00,256857.37
"CT0121.00, Toronto, ON",5350121.00,133265.29
"CT0122.00, Toronto, ON",5350122.00,123946.05
"CT0123.00, Toronto, ON",5350123.00,80738.64
"CT0124.00, Toronto, ON",5350124.00,114276.56
"CT0125.00, Toronto, ON",5350125.00,382931.84
"CT0126.00, Toronto, ON",5350126.00,171297.73
"CT0127.00, Toronto, ON",5350127.00,158658.91
"CT0128.02, Toronto, ON",5350128.02,91911.52
"CT0128.04, Toronto, ON",5350128.04,91579.79
"CT0128.05, Toronto, ON",5350128.05,123555.39
"CT0128.06, Toronto, ON",5350128.06,74043.04
"CT0129.00, Toronto, ON",5350129.00,128621.63
"CT0130.00, Toronto, ON",5350130.00,278954.83
"CT0131.00, Toronto, ON",5350131.00,149143.6
"CT0132.00, Toronto, ON",5350132.00,139243.16
"CT0133.00, Toronto, ON",5350133.00,85172.39
"CT0134.00, Toronto, ON",5350134.00,226677.93
"CT0135.00, Toronto, ON",5350135.00,87058.57
"CT0136.01, Toronto, ON",5350136.01,74850.75
"CT0136.02, Toronto, ON",5350136.02,75799.12
"CT0137.00, Toronto, ON",5350137.00,98179.93
"CT0138.00, Toronto, ON",5350138.00,282829.43
"CT0139.01, Toronto, ON",5350139.01,151007.93
"CT0139.02, Toronto, ON",5350139.02,194812.55
"CT0140.00, Toronto, ON",5350140.00,490777.85
"CT0141.01, Toronto, ON",5350141.01,185842.02
"CT0141.02, Toronto, ON",5350141.02,249520.96
"CT0142.00, Toronto, ON",5350142.00,180437.33
"CT0150.00, Toronto, ON",5350150.00,210863.57
"CT0151.00, Toronto, ON",5350151.00,66267.34
"CT0152.00, Toronto, ON",5350152.00,141754.46
"CT0153.00, Toronto, ON",5350153.00,90940.65
"CT0154.00, Toronto, ON",5350154.00,82113.2
"CT0155.00, Toronto, ON",5350155.00,55209.33
"CT0156.01, Toronto, ON",5350156.01,54816.57
"CT0156.02, Toronto, ON",5350156.02,82307.89
"CT0157.00, Toronto, ON",5350157.00,76598.98
"CT0158.00, Toronto, ON",5350158.00,56507.62
"CT0159.01, Toronto, ON",5350159.01,84623.37
"CT0159.02, Toronto, ON",5350159.02,91728.02
"CT0160.00, Toronto, ON",5350160.00,95225.97
"CT0161.00, Toronto, ON",5350161.00,90737.61
"CT0162.00, Toronto, ON",5350162.00,80847.18
"CT0163.00, Toronto, ON",5350163.00,94976.1
"CT0164.00, Toronto, ON",5350164.00,101636.11
"CT0165.00, Toronto, ON",5350165.00,120429.96
"CT0166.00, Toronto, ON",5350166.00,128103.17
"CT0167.01, Toronto, ON",5350167.01,98966.6
"CT0167.02, Toronto, ON",5350167.02,76886.02
"CT0168.00, Toronto, ON",5350168.00,70372.67
"CT0169.01, Toronto, ON",5350169.01,97867.62
"CT0169.02, Toronto, ON",5350169.02,85817.26
"CT0170.00, Toronto, ON",5350170.00,87741.69
"CT0171.00, Toronto, ON",5350171.00,59911.73
"CT0172.00, Toronto, ON",5350172.00,56410.94
"CT0173.00, Toronto, ON",5350173.00,61197.7
"CT0174.00, Toronto, ON",5350174.00,77441.55
"CT0175.01, Toronto, ON",5350175.01,60703.67
"CT0175.02, Toronto, ON",5350175.02,59199.54
"CT0176.00, Toronto, ON",5350176.00,113770.62
"CT0180.00, Toronto, ON",5350180.00,68367.3
"CT0181.01, Toronto, ON",5350181.01,133967.59
"CT0181.02, Toronto, ON",5350181.02,80571.95
"CT0182.00, Toronto, ON",5350182.00,136683.42
"CT0183.01, Toronto, ON",5350183.01,132463.98
"CT0183.02, Toronto, ON",5350183.02,150784.06
"CT0184.01, Toronto, ON",5350184.01,82948.9
"CT0184.02, Toronto, ON",5350184.02,92239.55
"CT0185.01, Toronto, ON",5350185.01,71921.9
"CT0185.02, Toronto, ON",5350185.02,77142.01
"CT0186.00, Toronto, ON",5350186.00,205239.85
"CT0187.00, Toronto, ON",5350187.00,134259.29
"CT0188.00, Toronto, ON",5350188.00,130281.91
"CT0189.00, Toronto, ON",5350189.00,76009.52
"CT0190.01, Toronto, ON",5350190.01,67773.63
"CT0190.02, Toronto, ON",5350190.02,64441.05
"CT0191.00, Toronto, ON",5350191.00,89486.78
"CT0192.00, Toronto, ON",5350192.00,54312.61
"CT0193.00, Toronto, ON",5350193.00,127106.88
"CT0194.01, Toronto, ON",5350194.01,55593.91
"CT0194.02, Toronto, ON",5350194.02,66018.33
"CT0194.03, Toronto, ON",5350194.03,51198.87
"CT0194.04, Toronto, ON",5350194.04,82740.85
"CT0195.01, Toronto, ON",5350195.01,175188.09
"CT0195.02, Toronto, ON",5350195.02,189926.93
"CT0196.01, Toronto, ON",5350196.01,182852.81
"CT0196.02, Toronto, ON",5350196.02,191702.96
"CT0200.01, Toronto, ON",5350200.01,74249.41
"CT0200.02, Toronto, ON",5350200.02,61159.7
"CT0201.00, Toronto, ON",5350201.00,89314.62
"CT0202.00, Toronto, ON",5350202.00,130245.82
"CT0203.00, Toronto, ON",5350203.00,102454.53
"CT0204.00, Toronto, ON",5350204.00,89156.6
"CT0205.00, Toronto, ON",5350205.00,0
"CT0206.01, Toronto, ON",5350206.01,100171.4
"CT0206.02, Toronto, ON",5350206.02,86376.53
"CT0207.00, Toronto, ON",5350207.00,81806.92
"CT0208.00, Toronto, ON",5350208.00,56948.45
"CT0209.00, Toronto, ON",5350209.00,68972.42
"CT0210.01, Toronto, ON",5350210.01,184221.6
"CT0210.03, Toronto, ON",5350210.03,110315.48
"CT0210.04, Toronto, ON",5350210.04,105704.57
"CT0211.00, Toronto, ON",5350211.00,105409.31
"CT0212.00, Toronto, ON",5350212.00,132817.42
"CT0213.01, Toronto, ON",5350213.01,132825.75
"CT0213.02, Toronto, ON",5350213.02,99141.44
"CT0214.00, Toronto, ON",5350214.00,112983.43
"CT0215.00, Toronto, ON",5350215.00,119660.8
"CT0216.00, Toronto, ON",5350216.00,183694.31
"CT0217.00, Toronto, ON",5350217.00,63112.09
"CT0218.00, Toronto, ON",5350218.00,188356.39
"CT0219.00, Toronto, ON",5350219.00,140855.47
"CT0220.00, Toronto, ON",5350220.00,113655.06
"CT0221.01, Toronto, ON",5350221.01,126596.46
"CT0221.02, Toronto, ON",5350221.02,81720.44
"CT0222.01, Toronto, ON",5350222.01,105481.8
"CT0222.02, Toronto, ON",5350222.02,86332.61
"CT0223.01, Toronto, ON",5350223.01,197668.1
"CT0223.02, Toronto, ON",5350223.02,194842.39
"CT0224.00, Toronto, ON",5350224.00,223686.74
"CT0225.01, Toronto, ON",5350225.01,102280.14
"CT0225.02, Toronto, ON",5350225.02,76416.91
"CT0226.00, Toronto, ON",5350226.00,244519.29
"CT0227.00, Toronto, ON",5350227.00,309205.42
"CT0228.00, Toronto, ON",5350228.00,170348.31
"CT0229.00, Toronto, ON",5350229.00,833903.63
"CT0230.01, Toronto, ON",5350230.01,105166.96
"CT0230.02, Toronto, ON",5350230.02,86159.43
"CT0231.00, Toronto, ON",5350231.00,151978.69
"CT0232.00, Toronto, ON",5350232.00,282878.12
"CT0233.00, Toronto, ON",5350233.00,154024.63
"CT0234.00, Toronto, ON",5350234.00,133012.86
"CT0235.01, Toronto, ON",5350235.01,137655.26
"CT0235.02, Toronto, ON",5350235.02,106985.85
"CT0236.01, Toronto, ON",5350236.01,91366.69
"CT0236.02, Toronto, ON",5350236.02,120268.55
"CT0237.01, Toronto, ON",5350237.01,75570.52
"CT0237.02, Toronto, ON",5350237.02,99788.94
"CT0237.03, Toronto, ON",5350237.03,81040.47
"CT0238.01, Toronto, ON",5350238.01,144084.57
"CT0238.02, Toronto, ON",5350238.02,86744.8
"CT0239.00, Toronto, ON",5350239.00,92384.37
"CT0240.01, Toronto, ON",5350240.01,150509.01
"CT0240.02, Toronto, ON",5350240.02,82271.49
"CT0241.00, Toronto, ON",5350241.00,143893.84
"CT0242.00, Toronto, ON",5350242.00,80490.43
"CT0243.01, Toronto, ON",5350243.01,77594.72
"CT0243.02, Toronto, ON",5350243.02,83885.22
"CT0244.01, Toronto, ON",5350244.01,103384.77
"CT0244.02, Toronto, ON",5350244.02,73045.23
"CT0245.00, Toronto, ON",5350245.00,72899.97
"CT0246.00, Toronto, ON",5350246.00,85850.78
"CT0247.01, Toronto, ON",5350247.01,88572.25
"CT0247.02, Toronto, ON",5350247.02,96752.21
"CT0248.02, Toronto, ON",5350248.02,60042.98
"CT0248.03, Toronto, ON",5350248.03,102687.38
"CT0248.04, Toronto, ON",5350248.04,83561.87
"CT0248.05, Toronto, ON",5350248.05,92092.23
"CT0249.01, Toronto, ON",5350249.01,95964.22
"CT0249.03, Toronto, ON",5350249.03,99493.77
"CT0249.04, Toronto, ON",5350249.04,98229.96
"CT0249.05, Toronto, ON",5350249.05,69351.1
"CT0250.01, Toronto, ON",5350250.01,82108.18
"CT0250.02, Toronto, ON",5350250.02,83261.83
"CT0250.04, Toronto, ON",5350250.04,75658
"CT0250.05, Toronto, ON",5350250.05,76024.24
"CT0260.01, Toronto, ON",5350260.01,73018.25
"CT0260.04, Toronto, ON",5350260.04,51368.02
"CT0260.05, Toronto, ON",5350260.05,46285.48
"CT0260.06, Toronto, ON",5350260.06,87988.15
"CT0260.07, Toronto, ON",5350260.07,93023.74
"CT0261.00, Toronto, ON",5350261.00,61061.08
"CT0262.01, Toronto, ON",5350262.01,63164.62
"CT0262.02, Toronto, ON",5350262.02,84643.28
"CT0263.02, Toronto, ON",5350263.02,98984.78
"CT0263.03, Toronto, ON",5350263.03,78427.21
"CT0263.04, Toronto, ON",5350263.04,86435.39
"CT0264.00, Toronto, ON",5350264.00,284891.27
"CT0265.00, Toronto, ON",5350265.00,281765.19
"CT0266.00, Toronto, ON",5350266.00,482669.37
"CT0267.00, Toronto, ON",5350267.00,207748.61
"CT0268.00, Toronto, ON",5350268.00,113317.74
"CT0269.01, Toronto, ON",5350269.01,74447.78
"CT0269.02, Toronto, ON",5350269.02,165116.74
"CT0270.01, Toronto, ON",5350270.01,89654.72
"CT0270.02, Toronto, ON",5350270.02,88501.32
"CT0271.01, Toronto, ON",5350271.01,115952.35
"CT0271.02, Toronto, ON",5350271.02,88694.76
"CT0272.01, Toronto, ON",5350272.01,69652.14
"CT0272.02, Toronto, ON",5350272.02,106729.04
"CT0273.01, Toronto, ON",5350273.01,208309.62
"CT0273.02, Toronto, ON",5350273.02,140547.74
"CT0274.01, Toronto, ON",5350274.01,122099.81
"CT0274.02, Toronto, ON",5350274.02,125000
"CT0275.00, Toronto, ON",5350275.00,143652.15
"CT0276.01, Toronto, ON",5350276.01,137648.52
"CT0276.02, Toronto, ON",5350276.02,185622.54
"CT0277.00, Toronto, ON",5350277.00,214076.55
"CT0278.00, Toronto, ON",5350278.00,104275.49
"CT0279.01, Toronto, ON",5350279.01,101542.21
"CT0279.02, Toronto, ON",5350279.02,75858.11
"CT0280.00, Toronto, ON",5350280.00,74866.94
"CT0281.01, Toronto, ON",5350281.01,65843.14
"CT0281.02, Toronto, ON",5350281.02,96338.06
"CT0282.00, Toronto, ON",5350282.00,113878
"CT0283.01, Toronto, ON",5350283.01,67076.67
"CT0283.02, Toronto, ON",5350283.02,61751.12
"CT0284.00, Toronto, ON",5350284.00,87325.46
"CT0285.00, Toronto, ON",5350285.00,89876.59
"CT0286.00, Toronto, ON",5350286.00,84517.83
"CT0287.02, Toronto, ON",5350287.02,87804.71
"CT0287.03, Toronto, ON",5350287.03,51080.38
"CT0287.04, Toronto, ON",5350287.04,85002.01
"CT0288.00, Toronto, ON",5350288.00,86425.41
"CT0289.00, Toronto, ON",5350289.00,90492.31
"CT0290.01, Toronto, ON",5350290.01,68561.85
"CT0290.02, Toronto, ON",5350290.02,82396.2
"CT0291.02, Toronto, ON",5350291.02,68092.14
"CT0291.03, Toronto, ON",5350291.03,75886.38
"CT0291.04, Toronto, ON",5350291.04,74717.36
"CT0292.00, Toronto, ON",5350292.00,83124.92
"CT0293.00, Toronto, ON",5350293.00,114050.99
"CT0294.01, Toronto, ON",5350294.01,80609.41
"CT0294.02, Toronto, ON",5350294.02,98697.4
"CT0295.00, Toronto, ON",5350295.00,79955.95
"CT0296.00, Toronto, ON",5350296.00,101696.54
"CT0297.01, Toronto, ON",5350297.01,89860.25
"CT0297.02, Toronto, ON",5350297.02,117111.86
"CT0298.00, Toronto, ON",5350298.00,144086.79
"CT0299.01, Toronto, ON",5350299.01,132490.03
"CT0299.02, Toronto, ON",5350299.02,80338.21
"CT0300.01, Toronto, ON",5350300.01,70015.03
"CT0300.02, Toronto, ON",5350300.02,107501.64
"CT0300.03, Toronto, ON",5350300.03,131790.67
"CT0301.01, Toronto, ON",5350301.01,124278
"CT0301.03, Toronto, ON",5350301.03,70437.62
"CT0301.04, Toronto, ON",5350301.04,79822.72
"CT0302.01, Toronto, ON",5350302.01,100796.18
"CT0302.02, Toronto, ON",5350302.02,83023.4
"CT0302.03, Toronto, ON",5350302.03,94683.67
"CT0303.00, Toronto, ON",5350303.00,66893
"CT0304.01, Toronto, ON",5350304.01,76265.09
"CT0304.02, Toronto, ON",5350304.02,115702.94
"CT0304.03, Toronto, ON",5350304.03,126506.96
"CT0304.04, Toronto, ON",5350304.04,67042.55
"CT0304.05, Toronto, ON",5350304.05,98639.31
"CT0304.06, Toronto, ON",5350304.06,93877.72
"CT0305.01, Toronto, ON",5350305.01,123078.93
"CT0305.03, Toronto, ON",5350305.03,98616.42
"CT0305.05, Toronto, ON",5350305.05,86133.78
"CT0305.06, Toronto, ON",5350305.06,72544.91
"CT0306.01, Toronto, ON",5350306.01,103007.96
"CT0306.02, Toronto, ON",5350306.02,112045.99
"CT0307.03, Toronto, ON",5350307.03,75936.89
"CT0307.04, Toronto, ON",5350307.04,87744.43
"CT0307.05, Toronto, ON",5350307.05,69802.23
"CT0307.06, Toronto, ON",5350307.06,85560.08
"CT0307.07, Toronto, ON",5350307.07,83678.4
"CT0308.02, Toronto, ON",5350308.02,113513.22
"CT0308.03, Toronto, ON",5350308.03,138058.69
"CT0308.05, Toronto, ON",5350308.05,136237.04
"CT0308.06, Toronto, ON",5350308.06,75529.95
"CT0308.07, Toronto, ON",5350308.07,62441.41
"CT0309.00, Toronto, ON",5350309.00,76281.05
"CT0310.01, Toronto, ON",5350310.01,121534.18
"CT0310.02, Toronto, ON",5350310.02,92914.79
"CT0311.02, Toronto, ON",5350311.02,67522.54
"CT0311.03, Toronto, ON",5350311.03,84001.74
"CT0311.04, Toronto, ON",5350311.04,78342.65
"CT0311.05, Toronto, ON",5350311.05,75248.12
"CT0311.06, Toronto, ON",5350311.06,62070.02
"CT0312.02, Toronto, ON",5350312.02,77313.26
"CT0312.03, Toronto, ON",5350312.03,76393.85
"CT0312.04, Toronto, ON",5350312.04,66055.97
"CT0312.05, Toronto, ON",5350312.05,60524.57
"CT0312.06, Toronto, ON",5350312.06,69633.72
"CT0312.07, Toronto, ON",5350312.07,55900.74
"CT0313.00, Toronto, ON",5350313.00,84001.87
"CT0314.01, Toronto, ON",5350314.01,70427.99
"CT0314.02, Toronto, ON",5350314.02,87880
"CT0315.01, Toronto, ON",5350315.01,99254.51
"CT0315.02, Toronto, ON",5350315.02,69974.67
"CT0315.03, Toronto, ON",5350315.03,77620.44
"CT0316.01, Toronto, ON",5350316.01,88242.41
"CT0316.03, Toronto, ON",5350316.03,58865.53
"CT0316.04, Toronto, ON",5350316.04,45383.92
"CT0316.05, Toronto, ON",5350316.05,67890.3
"CT0316.06, Toronto, ON",5350316.06,59669.04
"CT0317.02, Toronto, ON",5350317.02,57947.42
"CT0317.03, Toronto, ON",5350317.03,102607.26
"CT0317.04, Toronto, ON",5350317.04,80602.9
"CT0317.05, Toronto, ON",5350317.05,98235.37
"CT0318.01, Toronto, ON",5350318.01,106866.61
"CT0318.02, Toronto, ON",5350318.02,70737.82
"CT0319.00, Toronto, ON",5350319.00,79459.62
"CT0320.01, Toronto, ON",5350320.01,61607.69
"CT0320.02, Toronto, ON",5350320.02,81305.55
"CT0321.01, Toronto, ON",5350321.01,114718.32
"CT0321.02, Toronto, ON",5350321.02,94467.78
"CT0322.01, Toronto, ON",5350322.01,77978.68
"CT0322.02, Toronto, ON",5350322.02,71963.81
"CT0323.01, Toronto, ON",5350323.01,102753.27
"CT0323.02, Toronto, ON",5350323.02,118839.91
"CT0324.01, Toronto, ON",5350324.01,105273.52
"CT0324.02, Toronto, ON",5350324.02,86937.75
"CT0324.03, Toronto, ON",5350324.03,76492.15
"CT0324.05, Toronto, ON",5350324.05,58291.27
"CT0324.06, Toronto, ON",5350324.06,148055.45
"CT0330.00, Toronto, ON",5350330.00,126472.68
"CT0331.01, Toronto, ON",5350331.01,110520.2
"CT0331.03, Toronto, ON",5350331.03,70663.4
"CT0331.04, Toronto, ON",5350331.04,93241.53
"CT0332.00, Toronto, ON",5350332.00,59386.29
"CT0333.00, Toronto, ON",5350333.00,111339.54
"CT0334.00, Toronto, ON",5350334.00,120418.83
"CT0335.00, Toronto, ON",5350335.00,71494.1
"CT0336.00, Toronto, ON",5350336.00,100893.75
"CT0337.01, Toronto, ON",5350337.01,63528.13
"CT0337.02, Toronto, ON",5350337.02,64859.52
"CT0338.00, Toronto, ON",5350338.00,93681
"CT0339.00, Toronto, ON",5350339.00,135000.33
"CT0340.00, Toronto, ON",5350340.00,78809.79
"CT0341.02, Toronto, ON",5350341.02,67048.85
"CT0341.03, Toronto, ON",5350341.03,43774.36
"CT0341.04, Toronto, ON",5350341.04,60270.3
"CT0342.00, Toronto, ON",5350342.00,97561.44
"CT0343.00, Toronto, ON",5350343.00,70359.48
"CT0344.01, Toronto, ON",5350344.01,70522.12
"CT0344.02, Toronto, ON",5350344.02,44450.82
"CT0345.00, Toronto, ON",5350345.00,87375.63
"CT0346.01, Toronto, ON",5350346.01,72747.06
"CT0346.02, Toronto, ON",5350346.02,77630.33
"CT0347.00, Toronto, ON",5350347.00,117132.49
"CT0348.00, Toronto, ON",5350348.00,92260.5
"CT0349.00, Toronto, ON",5350349.00,67647.22
"CT0350.00, Toronto, ON",5350350.00,87917.45
"CT0351.01, Toronto, ON",5350351.01,71683.59
"CT0351.02, Toronto, ON",5350351.02,72823.22
"CT0352.00, Toronto, ON",5350352.00,81811.33
"CT0353.02, Toronto, ON",5350353.02,84903.14
"CT0353.03, Toronto, ON",5350353.03,80521.66
"CT0353.04, Toronto, ON",5350353.04,70266.68
"CT0354.00, Toronto, ON",5350354.00,83930.96
"CT0355.02, Toronto, ON",5350355.02,72445.27
"CT0355.04, Toronto, ON",5350355.04,82733.29
"CT0355.05, Toronto, ON",5350355.05,69553.4
"CT0355.06, Toronto, ON",5350355.06,66591.07
"CT0356.00, Toronto, ON",5350356.00,98270.49
"CT0357.01, Toronto, ON",5350357.01,56746.59
"CT0357.02, Toronto, ON",5350357.02,55292.42
"CT0358.01, Toronto, ON",5350358.01,91730.09
"CT0358.02, Toronto, ON",5350358.02,65227.91
"CT0358.03, Toronto, ON",5350358.03,38108.52
"CT0359.00, Toronto, ON",5350359.00,70779.97
"CT0360.00, Toronto, ON",5350360.00,128111.92
"CT0361.01, Toronto, ON",5350361.01,161406.07
"CT0361.02, Toronto, ON",5350361.02,141053.73
"CT0362.01, Toronto, ON",5350362.01,101890.88
"CT0362.02, Toronto, ON",5350362.02,118277.31
"CT0362.03, Toronto, ON",5350362.03,116191.42
"CT0362.04, Toronto, ON",5350362.04,96850.64
"CT0363.02, Toronto, ON",5350363.02,105763.75
"CT0363.04, Toronto, ON",5350363.04,118258.1
"CT0363.05, Toronto, ON",5350363.05,64159.06
"CT0363.06, Toronto, ON",5350363.06,80773.02
"CT0363.07, Toronto, ON",5350363.07,44451.53
"CT0364.01, Toronto, ON",5350364.01,83541.3
"CT0364.02, Toronto, ON",5350364.02,93468.03
"CT0365.00, Toronto, ON",5350365.00,89779.32
"CT0366.00, Toronto, ON",5350366.00,70860.56
"CT0367.01, Toronto, ON",5350367.01,77987.72
"CT0367.02, Toronto, ON",5350367.02,97672.98
"CT0368.01, Toronto, ON",5350368.01,67494.84
"CT0368.02, Toronto, ON",5350368.02,68836.85
"CT0369.00, Toronto, ON",5350369.00,84098.52
"CT0370.01, Toronto, ON",5350370.01,69860.05
"CT0370.02, Toronto, ON",5350370.02,90270.09
"CT0370.03, Toronto, ON",5350370.03,94322.78
"CT0371.00, Toronto, ON",5350371.00,87155.03
"CT0372.00, Toronto, ON",5350372.00,100593.7
"CT0373.00, Toronto, ON",5350373.00,79167.06
"CT0374.01, Toronto, ON",5350374.01,98614.12
"CT0374.02, Toronto, ON",5350374.02,99319.4
"CT0374.03, Toronto, ON",5350374.03,62391.45
"CT0375.01, Toronto, ON",5350375.01,52441.74
"CT0375.02, Toronto, ON",5350375.02,183634.81
"CT0375.03, Toronto, ON",5350375.03,75304.69
"CT0375.04, Toronto, ON",5350375.04,98550.05
"CT0375.05, Toronto, ON",5350375.05,88888
"CT0376.01, Toronto, ON",5350376.01,73682.28
"CT0376.02, Toronto, ON",5350376.02,70282.47
"CT0376.04, Toronto, ON",5350376.04,83240.52
"CT0376.05, Toronto, ON",5350376.05,80679.68
"CT0376.06, Toronto, ON",5350376.06,42246.67
"CT0376.08, Toronto, ON",5350376.08,87102.14
"CT0376.09, Toronto, ON",5350376.09,72188.26
"CT0376.11, Toronto, ON",5350376.11,78797.02
"CT0376.12, Toronto, ON",5350376.12,91784.3
"CT0376.13, Toronto, ON",5350376.13,79309.56
"CT0376.14, Toronto, ON",5350376.14,102988.19
"CT0376.15, Toronto, ON",5350376.15,83737.89
"CT0376.16, Toronto, ON",5350376.16,64898.98
"CT0377.02, Toronto, ON",5350377.02,88409.57
"CT0377.03, Toronto, ON",5350377.03,117654.57
"CT0377.04, Toronto, ON",5350377.04,88568.23
"CT0377.06, Toronto, ON",5350377.06,95889.39
"CT0377.07, Toronto, ON",5350377.07,92026.93
"CT0377.08, Toronto, ON",5350377.08,85025.31
"CT0377.09, Toronto, ON",5350377.09,76939.11
"CT0378.02, Toronto, ON",5350378.02,87342.78
"CT0378.03, Toronto, ON",5350378.03,94693.29
"CT0378.04, Toronto, ON",5350378.04,83559.2
"CT0378.05, Toronto, ON",5350378.05,91860.61
"CT0378.06, Toronto, ON",5350378.06,97671.1
"CT0378.07, Toronto, ON",5350378.07,90081.67
"CT0378.08, Toronto, ON",5350378.08,85085.11
"CT0378.11, Toronto, ON",5350378.11,85233.53
"CT0378.12, Toronto, ON",5350378.12,72802.57
"CT0378.14, Toronto, ON",5350378.14,82660.35
"CT0378.16, Toronto, ON",5350378.16,80820.15
"CT0378.17, Toronto, ON",5350378.17,93600.87
"CT0378.18, Toronto, ON",5350378.18,56216.61
"CT0378.19, Toronto, ON",5350378.19,96955.76
"CT0378.20, Toronto, ON",5350378.20,64792
"CT0378.21, Toronto, ON",5350378.21,97877.4
"CT0378.22, Toronto, ON",5350378.22,94830.91
"CT0378.23, Toronto, ON",5350378.23,92003.29
"CT0378.24, Toronto, ON",5350378.24,69564.34
"CT0378.25, Toronto, ON",5350378.25,125113.42
"CT0378.26, Toronto, ON",5350378.26,133320.76
"CT0378.27, Toronto, ON",5350378.27,122988.31
"CT0378.28, Toronto, ON",5350378.28,111041.73
"CT0400.02, Toronto, ON",5350400.02,160270.75
"CT0400.03, Toronto, ON",5350400.03,138166.07
"CT0400.04, Toronto, ON",5350400.04,104452.15
"CT0400.06, Toronto, ON",5350400.06,153179.23
"CT0400.07, Toronto, ON",5350400.07,159558.83
"CT0400.08, Toronto, ON",5350400.08,65705.83
"CT0400.11, Toronto, ON",5350400.11,112565.95
"CT0400.12, Toronto, ON",5350400.12,113520.62
"CT0400.13, Toronto, ON",5350400.13,100116.38
"CT0400.14, Toronto, ON",5350400.14,97697.33
"CT0400.15, Toronto, ON",5350400.15,161037.54
"CT0400.16, Toronto, ON",5350400.16,164790.5
"CT0400.17, Toronto, ON",5350400.17,97790.52
"CT0400.18, Toronto, ON",5350400.18,77630.67
"CT0400.19, Toronto, ON",5350400.19,130659.01
"CT0400.20, Toronto, ON",5350400.20,150295.81
"CT0400.21, Toronto, ON",5350400.21,116183.04
"CT0400.22, Toronto, ON",5350400.22,155783.76
"CT0400.23, Toronto, ON",5350400.23,116081.04
"CT0401.04, Toronto, ON",5350401.04,102538.96
"CT0401.05, Toronto, ON",5350401.05,60932.88
"CT0401.06, Toronto, ON",5350401.06,120421.45
"CT0401.07, Toronto, ON",5350401.07,124524.49
"CT0401.08, Toronto, ON",5350401.08,138929.8
"CT0401.09, Toronto, ON",5350401.09,114869.91
"CT0401.10, Toronto, ON",5350401.10,143168.62
"CT0401.11, Toronto, ON",5350401.11,98780.11
"CT0401.13, Toronto, ON",5350401.13,71937.39
"CT0401.14, Toronto, ON",5350401.14,150677.99
"CT0401.15, Toronto, ON",5350401.15,101557.35
"CT0401.17, Toronto, ON",5350401.17,117309.38
"CT0401.18, Toronto, ON",5350401.18,71864.08
"CT0401.19, Toronto, ON",5350401.19,79841.09
"CT0401.20, Toronto, ON",5350401.20,98713.76
"CT0401.21, Toronto, ON",5350401.21,109532.88
"CT0401.22, Toronto, ON",5350401.22,91506.63
"CT0401.23, Toronto, ON",5350401.23,115829.25
"CT0402.01, Toronto, ON",5350402.01,135397.5
"CT0402.02, Toronto, ON",5350402.02,70284.76
"CT0402.03, Toronto, ON",5350402.03,106896.3
"CT0402.04, Toronto, ON",5350402.04,142322.95
"CT0402.05, Toronto, ON",5350402.05,234686.55
"CT0402.06, Toronto, ON",5350402.06,87022.92
"CT0402.07, Toronto, ON",5350402.07,131107.41
"CT0402.08, Toronto, ON",5350402.08,111682.73
"CT0402.09, Toronto, ON",5350402.09,98404.87
"CT0402.10, Toronto, ON",5350402.10,114525.66
"CT0402.12, Toronto, ON",5350402.12,74436.53
"CT0402.13, Toronto, ON",5350402.13,183108.72
"CT0403.01, Toronto, ON",5350403.01,143339.97
"CT0403.04, Toronto, ON",5350403.04,136587.89
"CT0403.05, Toronto, ON",5350403.05,173342.95
"CT0403.07, Toronto, ON",5350403.07,123312.94
"CT0403.09, Toronto, ON",5350403.09,136832.64
"CT0403.10, Toronto, ON",5350403.10,112995.21
"CT0403.11, Toronto, ON",5350403.11,123943.88
"CT0403.12, Toronto, ON",5350403.12,157355.17
"CT0403.13, Toronto, ON",5350403.13,126638.58
"CT0403.14, Toronto, ON",5350403.14,108988.46
"CT0403.15, Toronto, ON",5350403.15,146997.65
"CT0403.16, Toronto, ON",5350403.16,129389.65
"CT0410.02, Toronto, ON",5350410.02,120802.8
"CT0410.03, Toronto, ON",5350410.03,132510.28
"CT0410.04, Toronto, ON",5350410.04,150974.53
"CT0410.05, Toronto, ON",5350410.05,185040.34
"CT0410.07, Toronto, ON",5350410.07,156215.66
"CT0410.09, Toronto, ON",5350410.09,84083.65
"CT0410.10, Toronto, ON",5350410.10,114630.83
"CT0410.11, Toronto, ON",5350410.11,116523.31
"CT0410.12, Toronto, ON",5350410.12,63826.85
"CT0410.13, Toronto, ON",5350410.13,194765.33
"CT0410.14, Toronto, ON",5350410.14,149603.2
"CT0410.15, Toronto, ON",5350410.15,110853.24
"CT0411.01, Toronto, ON",5350411.01,110430.26
"CT0411.04, Toronto, ON",5350411.04,150000
"CT0411.07, Toronto, ON",5350411.07,160088.75
"CT0411.08, Toronto, ON",5350411.08,83233.78
"CT0411.09, Toronto, ON",5350411.09,149218.34
"CT0411.12, Toronto, ON",5350411.12,160933.47
"CT0411.15, Toronto, ON",5350411.15,111477.87
"CT0411.16, Toronto, ON",5350411.16,156935.69
"CT0411.17, Toronto, ON",5350411.17,187345.84
"CT0411.18, Toronto, ON",5350411.18,174408.66
"CT0411.19, Toronto, ON",5350411.19,167649.23
"CT0411.21, Toronto, ON",5350411.21,138447.98
"CT0411.22, Toronto, ON",5350411.22,135027.13
"CT0411.23, Toronto, ON",5350411.23,76024.11
"CT0411.24, Toronto, ON",5350411.24,122510.88
"CT0411.25, Toronto, ON",5350411.25,129039.14
"CT0411.26, Toronto, ON",5350411.26,168280.3
"CT0411.27, Toronto, ON",5350411.27,174868.36
"CT0411.28, Toronto, ON",5350411.28,175200.24
"CT0411.29, Toronto, ON",5350411.29,159785.4
"CT0411.30, Toronto, ON",5350411.30,164880.27
"CT0412.01, Toronto, ON",5350412.01,107482.34
"CT0412.02, Toronto, ON",5350412.02,95946.12
"CT0412.04, Toronto, ON",5350412.04,126189.75
"CT0412.06, Toronto, ON",5350412.06,107726.82
"CT0412.08, Toronto, ON",5350412.08,103015.34
"CT0412.10, Toronto, ON",5350412.10,130112.84
"CT0412.11, Toronto, ON",5350412.11,148020.08
"CT0412.12, Toronto, ON",5350412.12,123075.97
"CT0412.13, Toronto, ON",5350412.13,107793.37
"CT0412.14, Toronto, ON",5350412.14,222989.15
"CT0412.15, Toronto, ON",5350412.15,174593.37
"CT0412.18, Toronto, ON",5350412.18,211510.16
"CT0412.19, Toronto, ON",5350412.19,165438.51
"CT0412.20, Toronto, ON",5350412.20,153902.07
"CT0412.21, Toronto, ON",5350412.21,179166.67
"CT0412.22, Toronto, ON",5350412.22,162161.11
"CT0412.24, Toronto, ON",5350412.24,144100.42
"CT0412.25, Toronto, ON",5350412.25,157958.4
"CT0412.26, Toronto, ON",5350412.26,166840.58
"CT0413.01, Toronto, ON",5350413.01,196641.99
"CT0413.02, Toronto, ON",5350413.02,158486.04
"CT0420.03, Toronto, ON",5350420.03,83084.01
"CT0420.05, Toronto, ON",5350420.05,82803.02
"CT0420.06, Toronto, ON",5350420.06,150243.14
"CT0420.08, Toronto, ON",5350420.08,70886.86
"CT0420.09, Toronto, ON",5350420.09,68492.74
"CT0420.10, Toronto, ON",5350420.10,168250.16
"CT0420.11, Toronto, ON",5350420.11,173951.82
"CT0420.13, Toronto, ON",5350420.13,82651.89
"CT0420.14, Toronto, ON",5350420.14,78751.67
"CT0420.15, Toronto, ON",5350420.15,143867.05
"CT0421.01, Toronto, ON",5350421.01,121245.43
"CT0421.04, Toronto, ON",5350421.04,80418.06
"CT0421.05, Toronto, ON",5350421.05,122271.18
"CT0421.06, Toronto, ON",5350421.06,76657.27
"CT0421.07, Toronto, ON",5350421.07,139979.76
"CT0422.02, Toronto, ON",5350422.02,69465.43
"CT0422.03, Toronto, ON",5350422.03,154334.72
"CT0422.04, Toronto, ON",5350422.04,148711.16
"CT0422.05, Toronto, ON",5350422.05,130435.7
"CT0422.06, Toronto, ON",5350422.06,58469.78
"CT0423.01, Toronto, ON",5350423.01,117633.22
"CT0423.02, Toronto, ON",5350423.02,123972.73
"CT0424.04, Toronto, ON",5350424.04,150355.9
"CT0424.05, Toronto, ON",5350424.05,99623.74
"CT0424.07, Toronto, ON",5350424.07,137526.88
"CT0424.08, Toronto, ON",5350424.08,165248.39
"CT0424.09, Toronto, ON",5350424.09,141614.19
"CT0424.10, Toronto, ON",5350424.10,161864.64
"CT0424.11, Toronto, ON",5350424.11,135182.28
"CT0424.13, Toronto, ON",5350424.13,140235.25
"CT0424.14, Toronto, ON",5350424.14,151899.76
"CT0424.15, Toronto, ON",5350424.15,135013.3
"CT0424.16, Toronto, ON",5350424.16,159162.53
"CT0430.03, Toronto, ON",5350430.03,142683.82
"CT0430.05, Toronto, ON",5350430.05,143755.42
"CT0430.06, Toronto, ON",5350430.06,161338.38
"CT0430.07, Toronto, ON",5350430.07,125431.57
"CT0430.08, Toronto, ON",5350430.08,128912.17
"CT0431.01, Toronto, ON",5350431.01,136863.02
"CT0431.02, Toronto, ON",5350431.02,161955.1
"CT0440.00, Toronto, ON",5350440.00,156456.67
"CT0441.02, Toronto, ON",5350441.02,99117.09
"CT0441.03, Toronto, ON",5350441.03,144057.57
"CT0441.04, Toronto, ON",5350441.04,181472.95
"CT0442.02, Toronto, ON",5350442.02,97933.74
"CT0442.03, Toronto, ON",5350442.03,190002.31
"CT0442.04, Toronto, ON",5350442.04,124437.68
"CT0442.05, Toronto, ON",5350442.05,130401.82
"CT0442.06, Toronto, ON",5350442.06,141021.42
"CT0450.02, Toronto, ON",5350450.02,83341.86
"CT0450.03, Toronto, ON",5350450.03,118793.07
"CT0450.05, Toronto, ON",5350450.05,135305.08
"CT0450.06, Toronto, ON",5350450.06,182222.75
"CT0451.01, Toronto, ON",5350451.01,83412.28
"CT0451.02, Toronto, ON",5350451.02,79392.54
"CT0451.03, Toronto, ON",5350451.03,113539.66
"CT0451.05, Toronto, ON",5350451.05,141130.14
"CT0451.06, Toronto, ON",5350451.06,141324.72
"CT0451.07, Toronto, ON",5350451.07,151798.09
"CT0452.01, Toronto, ON",5350452.01,100466.2
"CT0452.02, Toronto, ON",5350452.02,86596.57
"CT0452.03, Toronto, ON",5350452.03,102073.51
"CT0452.05, Toronto, ON",5350452.05,150132.09
"CT0452.06, Toronto, ON",5350452.06,138149.48
"CT0452.07, Toronto, ON",5350452.07,141562.96
"CT0455.00, Toronto, ON",5350455.00,129803.72
"CT0456.01, Toronto, ON",5350456.01,168558.19
"CT0456.02, Toronto, ON",5350456.02,129953.29
"CT0456.03, Toronto, ON",5350456.03,136147.84
"CT0460.01, Toronto, ON",5350460.01,182376.35
"CT0460.02, Toronto, ON",5350460.02,144735.01
"CT0461.01, Toronto, ON",5350461.01,197345.39
"CT0461.02, Toronto, ON",5350461.02,143142.5
"CT0470.00, Toronto, ON",5350470.00,115884.04
"CT0471.00, Toronto, ON",5350471.00,102042.65
"CT0472.00, Toronto, ON",5350472.00,114211.96
"CT0473.01, Toronto, ON",5350473.01,124548.55
"CT0473.02, Toronto, ON",5350473.02,103249.41
"CT0473.03, Toronto, ON",5350473.03,101877.81
"CT0474.00, Toronto, ON",5350474.00,109146.53
"CT0475.00, Toronto, ON",5350475.00,96204.33
"CT0476.01, Toronto, ON",5350476.01,48759.98
"CT0476.02, Toronto, ON",5350476.02,101737.15
"CT0480.01, Toronto, ON",5350480.01,87532.56
"CT0480.03, Toronto, ON",5350480.03,129648.09
"CT0480.04, Toronto, ON",5350480.04,73015.65
"CT0480.05, Toronto, ON",5350480.05,167694.59
"CT0480.06, Toronto, ON",5350480.06,182255.06
"CT0481.02, Toronto, ON",5350481.02,92979.53
"CT0481.03, Toronto, ON",5350481.03,0
"CT0481.04, Toronto, ON",5350481.04,143193.85
"CT0481.05, Toronto, ON",5350481.05,144444.98
"CT0482.00, Toronto, ON",5350482.00,132455.14
"CT0483.01, Toronto, ON",5350483.01,123651.94
"CT0483.02, Toronto, ON",5350483.02,139458.45
"CT0484.02, Toronto, ON",5350484.02,134402.65
"CT0484.03, Toronto, ON",5350484.03,116166.09
"CT0484.04, Toronto, ON",5350484.04,141011.98
"CT0485.02, Toronto, ON",5350485.02,101110.02
"CT0485.03, Toronto, ON",5350485.03,82131.55
"CT0485.04, Toronto, ON",5350485.04,102747.39
"CT0485.05, Toronto, ON",5350485.05,147197.97
"CT0500.01, Toronto, ON",5350500.01,69620.51
"CT0500.02, Toronto, ON",5350500.02,78392.06
"CT0501.01, Toronto, ON",5350501.01,108444.74
"CT0501.02, Toronto, ON",5350501.02,150615.79
"CT0502.01, Toronto, ON",5350502.01,106540.73
"CT0502.02, Toronto, ON",5350502.02,101151.35
"CT0503.00, Toronto, ON",5350503.00,92795.35
"CT0504.00, Toronto, ON",5350504.00,138096.21
"CT0505.01, Toronto, ON",5350505.01,246194.94
"CT0505.02, Toronto, ON",5350505.02,277427.24
"CT0506.00, Toronto, ON",5350506.00,300000
"CT0507.00, Toronto, ON",5350507.00,161895.04
"CT0508.00, Toronto, ON",5350508.00,129409.07
"CT0509.01, Toronto, ON",5350509.01,116989.86
"CT0509.02, Toronto, ON",5350509.02,133698.84
"CT0510.00, Toronto, ON",5350510.00,137465.02
"CT0511.01, Toronto, ON",5350511.01,68398.75
"CT0511.02, Toronto, ON",5350511.02,84779.43
"CT0512.00, Toronto, ON",5350512.00,77657.87
"CT0513.01, Toronto, ON",5350513.01,124599.42
"CT0513.02, Toronto, ON",5350513.02,66650.93
"CT0513.03, Toronto, ON",5350513.03,81256.7
"CT0513.04, Toronto, ON",5350513.04,118509.41
"CT0514.01, Toronto, ON",5350514.01,252850.59
"CT0514.02, Toronto, ON",5350514.02,85729.29
"CT0515.01, Toronto, ON",5350515.01,124180.51
"CT0515.02, Toronto, ON",5350515.02,109883.12
"CT0516.01, Toronto, ON",5350516.01,128690.88
"CT0516.02, Toronto, ON",5350516.02,127250.52
"CT0516.03, Toronto, ON",5350516.03,96966.96
"CT0516.04, Toronto, ON",5350516.04,82768.15
"CT0516.05, Toronto, ON",5350516.05,103678.62
"CT0516.06, Toronto, ON",5350516.06,112948.8
"CT0516.08, Toronto, ON",5350516.08,81294.75
"CT0516.09, Toronto, ON",5350516.09,99819.5
"CT0516.11, Toronto, ON",5350516.11,159340.02
"CT0516.16, Toronto, ON",5350516.16,128087.03
"CT0516.17, Toronto, ON",5350516.17,99411.7
"CT0516.18, Toronto, ON",5350516.18,128626.6
"CT0516.20, Toronto, ON",5350516.20,146758.41
"CT0516.21, Toronto, ON",5350516.21,161843.3
"CT0516.22, Toronto, ON",5350516.22,166713.51
"CT0516.23, Toronto, ON",5350516.23,145682.79
"CT0516.24, Toronto, ON",5350516.24,157892.28
"CT0516.25, Toronto, ON",5350516.25,112175.66
"CT0516.26, Toronto, ON",5350516.26,114986.05
"CT0516.28, Toronto, ON",5350516.28,138482.05
"CT0516.29, Toronto, ON",5350516.29,112543.79
"CT0516.30, Toronto, ON",5350516.30,170240.68
"CT0516.31, Toronto, ON",5350516.31,136383.12
"CT0516.32, Toronto, ON",5350516.32,145986.79
"CT0516.37, Toronto, ON",5350516.37,87418.57
"CT0516.38, Toronto, ON",5350516.38,116960.3
"CT0516.39, Toronto, ON",5350516.39,138798.41
"CT0516.40, Toronto, ON",5350516.40,156994.95
"CT0516.41, Toronto, ON",5350516.41,117185.01
"CT0516.43, Toronto, ON",5350516.43,78578.42
"CT0516.44, Toronto, ON",5350516.44,143696.92
"CT0516.47, Toronto, ON",5350516.47,162839.9
"CT0516.48, Toronto, ON",5350516.48,128002.43
"CT0516.50, Toronto, ON",5350516.50,128280.47
"CT0516.51, Toronto, ON",5350516.51,144070.59
"CT0516.52, Toronto, ON",5350516.52,137876.87
"CT0516.53, Toronto, ON",5350516.53,241678.49
"CT0516.54, Toronto, ON",5350516.54,96993.17
"CT0516.55, Toronto, ON",5350516.55,141786.84
"CT0517.00, Toronto, ON",5350517.00,114307.5
"CT0518.00, Toronto, ON",5350518.00,68553.24
"CT0519.00, Toronto, ON",5350519.00,99571.02
"CT0520.01, Toronto, ON",5350520.01,90660.26
"CT0520.02, Toronto, ON",5350520.02,79945.68
"CT0520.05, Toronto, ON",5350520.05,85782.32
"CT0520.07, Toronto, ON",5350520.07,80981.34
"CT0520.08, Toronto, ON",5350520.08,83020.27
"CT0520.09, Toronto, ON",5350520.09,86017.23
"CT0520.11, Toronto, ON",5350520.11,90353.74
"CT0520.12, Toronto, ON",5350520.12,75832.98
"CT0521.01, Toronto, ON",5350521.01,83102.52
"CT0521.02, Toronto, ON",5350521.02,108956.68
"CT0521.03, Toronto, ON",5350521.03,98409.28
"CT0521.04, Toronto, ON",5350521.04,93665.2
"CT0521.05, Toronto, ON",5350521.05,76536.76
"CT0521.06, Toronto, ON",5350521.06,62436.63
"CT0522.00, Toronto, ON",5350522.00,87768.63
"CT0523.00, Toronto, ON",5350523.00,73667.17
"CT0524.01, Toronto, ON",5350524.01,97480.57
"CT0524.02, Toronto, ON",5350524.02,74952.33
"CT0525.01, Toronto, ON",5350525.01,79646.13
"CT0525.02, Toronto, ON",5350525.02,64516.47
"CT0526.01, Toronto, ON",5350526.01,78365.5
"CT0526.02, Toronto, ON",5350526.02,75489.61
"CT0527.02, Toronto, ON",5350527.02,95710.46
"CT0527.04, Toronto, ON",5350527.04,126514.93
"CT0527.05, Toronto, ON",5350527.05,99460.61
"CT0527.06, Toronto, ON",5350527.06,103050.21
"CT0527.07, Toronto, ON",5350527.07,97051.18
"CT0527.08, Toronto, ON",5350527.08,106653.86
"CT0527.09, Toronto, ON",5350527.09,113524.41
"CT0527.10, Toronto, ON",5350527.10,71677.81
"CT0527.11, Toronto, ON",5350527.11,78338.57
"CT0527.12, Toronto, ON",5350527.12,94296.16
"CT0527.13, Toronto, ON",5350527.13,84601.66
"CT0528.01, Toronto, ON",5350528.01,111239.17
"CT0528.11, Toronto, ON",5350528.11,81093.52
"CT0528.12, Toronto, ON",5350528.12,134504.72
"CT0528.13, Toronto, ON",5350528.13,157992.58
"CT0528.15, Toronto, ON",5350528.15,130556.52
"CT0528.16, Toronto, ON",5350528.16,119919.98
"CT0528.18, Toronto, ON",5350528.18,123757.27
"CT0528.19, Toronto, ON",5350528.19,111366.04
"CT0528.20, Toronto, ON",5350528.20,99959.6
"CT0528.21, Toronto, ON",5350528.21,72316.84
"CT0528.22, Toronto, ON",5350528.22,90875.8
"CT0528.24, Toronto, ON",5350528.24,115524.03
"CT0528.26, Toronto, ON",5350528.26,81314.31
"CT0528.31, Toronto, ON",5350528.31,73414.23
"CT0528.32, Toronto, ON",5350528.32,142764.34
"CT0528.33, Toronto, ON",5350528.33,142503.93
"CT0528.34, Toronto, ON",5350528.34,121063.56
"CT0528.35, Toronto, ON",5350528.35,120178.74
"CT0528.39, Toronto, ON",5350528.39,172446.7
"CT0528.40, Toronto, ON",5350528.40,155070.42
"CT0528.42, Toronto, ON",5350528.42,126944.23
"CT0528.43, Toronto, ON",5350528.43,121693.38
"CT0528.44, Toronto, ON",5350528.44,129763.24
"CT0528.45, Toronto, ON",5350528.45,90638.68
"CT0528.46, Toronto, ON",5350528.46,127305.58
"CT0528.47, Toronto, ON",5350528.47,116641.55
"CT0528.49, Toronto, ON",5350528.49,171686.99
"CT0528.50, Toronto, ON",5350528.50,93414.4
"CT0528.51, Toronto, ON",5350528.51,82175.34
"CT0528.52, Toronto, ON",5350528.52,110013.96
"CT0528.53, Toronto, ON",5350528.53,221560.33
"CT0528.54, Toronto, ON",5350528.54,140116.57
"CT0528.55, Toronto, ON",5350528.55,130493.72
"CT0528.56, Toronto, ON",5350528.56,109630.63
"CT0528.57, Toronto, ON",5350528.57,116412.64
"CT0528.58, Toronto, ON",5350528.58,115111.41
"CT0528.59, Toronto, ON",5350528.59,112976.59
"CT0528.60, Toronto, ON",5350528.60,107497.79
"CT0528.61, Toronto, ON",5350528.61,91305.09
"CT0528.62, Toronto, ON",5350528.62,60727.31
"CT0528.63, Toronto, ON",5350528.63,154558.94
"CT0529.01, Toronto, ON",5350529.01,76008.14
"CT0529.02, Toronto, ON",5350529.02,66731
"CT0530.01, Toronto, ON",5350530.01,69062.48
"CT0530.02, Toronto, ON",5350530.02,69673.94
"CT0531.01, Toronto, ON",5350531.01,73773.03
"CT0531.02, Toronto, ON",5350531.02,79524.17
"CT0532.01, Toronto, ON",5350532.01,73047.07
"CT0532.02, Toronto, ON",5350532.02,78148.96
"CT0540.01, Toronto, ON",5350540.01,77032.47
"CT0540.02, Toronto, ON",5350540.02,92312.85
"CT0550.01, Toronto, ON",5350550.01,114970.88
"CT0550.02, Toronto, ON",5350550.02,98380.13
"CT0560.00, Toronto, ON",5350560.00,78078.69
"CT0561.00, Toronto, ON",5350561.00,78799.02
"CT0562.02, Toronto, ON",5350562.02,102507.44
"CT0562.03, Toronto, ON",5350562.03,95002.76
"CT0562.04, Toronto, ON",5350562.04,91042.1
"CT0562.05, Toronto, ON",5350562.05,83280.29
"CT0562.06, Toronto, ON",5350562.06,102892.2
"CT0562.07, Toronto, ON",5350562.07,97639
"CT0562.08, Toronto, ON",5350562.08,91297.81
"CT0562.09, Toronto, ON",5350562.09,95044.47
"CT0562.11, Toronto, ON",5350562.11,97620
"CT0562.12, Toronto, ON",5350562.12,67574.95
"CT0562.13, Toronto, ON",5350562.13,104640.33
"CT0562.14, Toronto, ON",5350562.14,109909.6
"CT0562.15, Toronto, ON",5350562.15,101410.38
"CT0563.01, Toronto, ON",5350563.01,59815.28
"CT0563.02, Toronto, ON",5350563.02,91852.48
"CT0564.01, Toronto, ON",5350564.01,94959.09
"CT0564.02, Toronto, ON",5350564.02,80802.33
"CT0570.01, Toronto, ON",5350570.01,59347.32
"CT0570.02, Toronto, ON",5350570.02,127127.51
"CT0571.01, Toronto, ON",5350571.01,67740.26
"CT0571.02, Toronto, ON",5350571.02,91833.63
"CT0572.01, Toronto, ON",5350572.01,83303.45
"CT0572.04, Toronto, ON",5350572.04,85603.65
"CT0572.05, Toronto, ON",5350572.05,73496.42
"CT0572.07, Toronto, ON",5350572.07,94940.53
"CT0572.08, Toronto, ON",5350572.08,88808.44
"CT0572.09, Toronto, ON",5350572.09,108680.87
"CT0572.10, Toronto, ON",5350572.10,98813
"CT0573.03, Toronto, ON",5350573.03,88102.98
"CT0573.05, Toronto, ON",5350573.05,89970.4
"CT0573.06, Toronto, ON",5350573.06,106983
"CT0573.07, Toronto, ON",5350573.07,73144.92
"CT0573.09, Toronto, ON",5350573.09,92162.08
"CT0573.10, Toronto, ON",5350573.10,117376.55
"CT0573.11, Toronto, ON",5350573.11,107249.17
"CT0574.00, Toronto, ON",5350574.00,68831.48
"CT0575.01, Toronto, ON",5350575.01,78408.27
"CT0575.02, Toronto, ON",5350575.02,59641.45
"CT0575.03, Toronto, ON",5350575.03,82812.21
"CT0575.04, Toronto, ON",5350575.04,88206.45
"CT0575.05, Toronto, ON",5350575.05,100524.53
"CT0575.07, Toronto, ON",5350575.07,121894.97
"CT0575.08, Toronto, ON",5350575.08,91488.32
"CT0576.04, Toronto, ON",5350576.04,133773.87
"CT0576.05, Toronto, ON",5350576.05,103089.03
"CT0576.06, Toronto, ON",5350576.06,112112
"CT0576.07, Toronto, ON",5350576.07,94558.25
"CT0576.09, Toronto, ON",5350576.09,115622.71
"CT0576.16, Toronto, ON",5350576.16,104322.42
"CT0576.17, Toronto, ON",5350576.17,102891.56
"CT0576.20, Toronto, ON",5350576.20,96531.2
"CT0576.22, Toronto, ON",5350576.22,108336.89
"CT0576.29, Toronto, ON",5350576.29,106917.66
"CT0576.31, Toronto, ON",5350576.31,136310.85
"CT0576.33, Toronto, ON",5350576.33,109039.58
"CT0576.34, Toronto, ON",5350576.34,108581.83
"CT0576.43, Toronto, ON",5350576.43,112388.84
"CT0576.44, Toronto, ON",5350576.44,120938.67
"CT0576.45, Toronto, ON",5350576.45,110570.4
"CT0576.46, Toronto, ON",5350576.46,106400.79
"CT0576.47, Toronto, ON",5350576.47,162740.64
"CT0576.49, Toronto, ON",5350576.49,111675.23
"CT0576.50, Toronto, ON",5350576.50,110221.36
"CT0576.52, Toronto, ON",5350576.52,113315
"CT0576.53, Toronto, ON",5350576.53,111655.53
"CT0576.54, Toronto, ON",5350576.54,109210.54
"CT0576.55, Toronto, ON",5350576.55,115867.74
"CT0576.57, Toronto, ON",5350576.57,94810.44
"CT0576.59, Toronto, ON",5350576.59,108051.34
"CT0576.62, Toronto, ON",5350576.62,116030.15
"CT0576.63, Toronto, ON",5350576.63,137313.82
"CT0576.65, Toronto, ON",5350576.65,101299.58
"CT0576.66, Toronto, ON",5350576.66,111800.7
"CT0576.68, Toronto, ON",5350576.68,116178.59
"CT0576.69, Toronto, ON",5350576.69,125618.55
"CT0576.73, Toronto, ON",5350576.73,190879.53
"CT0576.74, Toronto, ON",5350576.74,150850.38
"CT0576.75, Toronto, ON",5350576.75,153447.62
"CT0576.76, Toronto, ON",5350576.76,136857.71
"CT0576.77, Toronto, ON",5350576.77,124455.46
"CT0576.78, Toronto, ON",5350576.78,121472.56
"CT0576.79, Toronto, ON",5350576.79,112342.39
"CT0576.80, Toronto, ON",5350576.80,126456.65
"CT0576.81, Toronto, ON",5350576.81,124437.31
"CT0576.82, Toronto, ON",5350576.82,137752.58
"CT0576.83, Toronto, ON",5350576.83,151900.7
"CT0576.84, Toronto, ON",5350576.84,113227.84
"CT0576.85, Toronto, ON",5350576.85,107570.02
"CT0576.86, Toronto, ON",5350576.86,124100.23
"CT0576.87, Toronto, ON",5350576.87,145780.01
"CT0576.88, Toronto, ON",5350576.88,128777.3
"CT0576.89, Toronto, ON",5350576.89,121266.62
"CT0576.90, Toronto, ON",5350576.90,81567.4
"CT0576.91, Toronto, ON",5350576.91,146895.77
"CT0576.92, Toronto, ON",5350576.92,95585.26
"CT0576.93, Toronto, ON",5350576.93,97499.32
"CT0576.94, Toronto, ON",5350576.94,114980.71
"CT0576.95, Toronto, ON",5350576.95,127426.43
"CT0576.96, Toronto, ON",5350576.96,118189.3
"CT0576.97, Toronto, ON",5350576.97,123931.5
"CT0576.98, Toronto, ON",5350576.98,108163.21
"CT0576.99, Toronto, ON",5350576.99,124723.49
"CT0577.00, Toronto, ON",5350577.00,112662.82
"CT0577.01, Toronto, ON",5350577.01,118137.06
"CT0577.02, Toronto, ON",5350577.02,102694.57
"CT0577.03, Toronto, ON",5350577.03,123313.58
"CT0577.04, Toronto, ON",5350577.04,212798.1
"CT0577.05, Toronto, ON",5350577.05,105572.93
"CT0577.06, Toronto, ON",5350577.06,154321.4
"CT0577.07, Toronto, ON",5350577.07,102014.04
"CT0577.08, Toronto, ON",5350577.08,132878.16
"CT0577.09, Toronto, ON",5350577.09,122686.77
"CT0585.02, Toronto, ON",5350585.02,136497.93
"CT0585.03, Toronto, ON",5350585.03,114080.9
"CT0585.05, Toronto, ON",5350585.05,146822.89
"CT0585.07, Toronto, ON",5350585.07,147566
"CT0585.08, Toronto, ON",5350585.08,180414.12
"CT0585.09, Toronto, ON",5350585.09,135902.17
"CT0585.10, Toronto, ON",5350585.10,128130.52
"CT0586.02, Toronto, ON",5350586.02,114852.59
"CT0586.03, Toronto, ON",5350586.03,95211.16
"CT0586.04, Toronto, ON",5350586.04,132221.2
"CT0586.05, Toronto, ON",5350586.05,148425.89
"CT0587.01, Toronto, ON",5350587.01,150801.6
"CT0587.02, Toronto, ON",5350587.02,160120.44
"CT0590.00, Toronto, ON",5350590.00,85509.38
"CT0591.01, Toronto, ON",5350591.01,131461.06
"CT0591.02, Toronto, ON",5350591.02,135308.39
"CT0592.01, Toronto, ON",5350592.01,94655.05
"CT0592.02, Toronto, ON",5350592.02,147126.42
"CT0593.01, Toronto, ON",5350593.01,139672.74
"CT0593.02, Toronto, ON",5350593.02,138558.2
"CT0593.03, Toronto, ON",5350593.03,203922.12
"CT0593.04, Toronto, ON",5350593.04,249131.48
"CT0600.01, Toronto, ON",5350600.01,257548.85
"CT0600.02, Toronto, ON",5350600.02,172401.63
"CT0601.00, Toronto, ON",5350601.00,373181.82
"CT0602.00, Toronto, ON",5350602.00,240826.56
"CT0603.00, Toronto, ON",5350603.00,78002.07
"CT0604.00, Toronto, ON",5350604.00,121979.4
"CT0605.00, Toronto, ON",5350605.00,182842.87
"CT0606.00, Toronto, ON",5350606.00,96247.73
"CT0607.00, Toronto, ON",5350607.00,149537
"CT0608.00, Toronto, ON",5350608.00,146384.78
"CT0609.00, Toronto, ON",5350609.00,221328.07
"CT0610.03, Toronto, ON",5350610.03,100440.93
"CT0610.04, Toronto, ON",5350610.04,119765.33
"CT0610.05, Toronto, ON",5350610.05,210845.92
"CT0610.06, Toronto, ON",5350610.06,184112.65
"CT0611.00, Toronto, ON",5350611.00,163569.67
"CT0612.01, Toronto, ON",5350612.01,36243.47
"CT0612.03, Toronto, ON",5350612.03,155617.11
"CT0612.05, Toronto, ON",5350612.05,162814.5
"CT0612.08, Toronto, ON",5350612.08,146554.26
"CT0612.10, Toronto, ON",5350612.10,67639.32
"CT0612.11, Toronto, ON",5350612.11,205523.27
"CT0612.12, Toronto, ON",5350612.12,204399.84
"CT0612.13, Toronto, ON",5350612.13,150644.23
"CT0612.14, Toronto, ON",5350612.14,163817.98
"CT0612.15, Toronto, ON",5350612.15,166913.89
"CT0612.18, Toronto, ON",5350612.18,176783.22
"CT0612.19, Toronto, ON",5350612.19,194267.89
"CT0612.20, Toronto, ON",5350612.20,211781.79
"CT0612.21, Toronto, ON",5350612.21,198025.71
"CT0612.22, Toronto, ON",5350612.22,190285.98
"CT0612.23, Toronto, ON",5350612.23,188143.01
"CT0612.25, Toronto, ON",5350612.25,208085.33
"CT0612.26, Toronto, ON",5350612.26,98709.47
"CT0612.27, Toronto, ON",5350612.27,176994.31
"CT0612.28, Toronto, ON",5350612.28,421896.56
"CT0612.29, Toronto, ON",5350612.29,137261.32
"CT0613.01, Toronto, ON",5350613.01,141647.95
"CT0613.03, Toronto, ON",5350613.03,100133.49
"CT0613.04, Toronto, ON",5350613.04,79922.26
"CT0614.01, Toronto, ON",5350614.01,161885.14
"CT0614.02, Toronto, ON",5350614.02,140466.63
"CT0615.00, Toronto, ON",5350615.00,160707.17
"CT0620.05, Toronto, ON",5350620.05,200749.18
"CT0620.06, Toronto, ON",5350620.06,141714.17
"CT0620.07, Toronto, ON",5350620.07,191741.26
"CT0620.09, Toronto, ON",5350620.09,147993.15
"CT0620.13, Toronto, ON",5350620.13,127975.08
"CT0620.14, Toronto, ON",5350620.14,161327.71
"CT0620.15, Toronto, ON",5350620.15,115536.65
"CT0620.16, Toronto, ON",5350620.16,173145.78
"CT0620.17, Toronto, ON",5350620.17,153695.99
"CT0620.18, Toronto, ON",5350620.18,138969.71
"CT0620.19, Toronto, ON",5350620.19,235961.13
"CT0620.20, Toronto, ON",5350620.20,195288.82
"CT0620.21, Toronto, ON",5350620.21,146080.59
"CT0620.22, Toronto, ON",5350620.22,194828.04
"CT0620.23, Toronto, ON",5350620.23,159518.46
"CT0620.24, Toronto, ON",5350620.24,182464.89
"CT0620.25, Toronto, ON",5350620.25,164047.37
"CT0620.26, Toronto, ON",5350620.26,131201.06
"CT0620.27, Toronto, ON",5350620.27,147528.46
"CT0620.28, Toronto, ON",5350620.28,134605.84
"CT0620.29, Toronto, ON",5350620.29,142114.23
"CT0621.00, Toronto, ON",5350621.00,132439.18
"CT0622.00, Toronto, ON",5350622.00,118604.85
"CT0623.00, Toronto, ON",5350623.00,87324.48
"CT0624.00, Toronto, ON",5350624.00,121704.91
"CT0625.00, Toronto, ON",5350625.00,139377.63
"CT0626.00, Toronto, ON",5350626.00,169909.36
"CT0630.00, Toronto, ON",5350630.00,124661.1
"CT0631.02, Toronto, ON",5350631.02,181069.26
"CT0631.03, Toronto, ON",5350631.03,201968.21
"CT0631.04, Toronto, ON",5350631.04,195662.08
"CT0632.00, Toronto, ON",5350632.00,128910.58
"CT0633.00, Toronto, ON",5350633.00,121362.48
"CT0634.01, Toronto, ON",5350634.01,178993.87
"CT0634.02, Toronto, ON",5350634.02,125096.07
"CT0635.00, Toronto, ON",5350635.00,124738.82
"CT0636.00, Toronto, ON",5350636.00,131775.61
"CT0637.00, Toronto, ON",5350637.00,152202.49
"CT0638.00, Toronto, ON",5350638.00,113645.4
"CT0639.00, Toronto, ON",5350639.00,144152.07
"CT0800.01, Toronto, ON",5350800.01,105890.3
"CT0800.02, Toronto, ON",5350800.02,107578.06
"CT0801.01, Toronto, ON",5350801.01,122808.48
"CT0801.02, Toronto, ON",5350801.02,160013.46
"CT0802.01, Toronto, ON",5350802.01,146401.3
"CT0802.02, Toronto, ON",5350802.02,167668.65
"CT0803.03, Toronto, ON",5350803.03,155782.93
"CT0803.04, Toronto, ON",5350803.04,167297.07
"CT0803.05, Toronto, ON",5350803.05,165979.61
"CT0803.06, Toronto, ON",5350803.06,147850.67
"CT0804.01, Toronto, ON",5350804.01,173932.66
"CT0804.05, Toronto, ON",5350804.05,157775.13
"CT0804.06, Toronto, ON",5350804.06,124512.13
"CT0804.07, Toronto, ON",5350804.07,101101.68
"CT0804.08, Toronto, ON",5350804.08,164048.61
"CT0804.10, Toronto, ON",5350804.10,94534.17
"CT0804.11, Toronto, ON",5350804.11,106735.44
"CT0804.12, Toronto, ON",5350804.12,135152.16
"CT0804.13, Toronto, ON",5350804.13,125603.08
"CT0805.04, Toronto, ON",5350805.04,175398.83
"CT0805.06, Toronto, ON",5350805.06,119887.17
"CT0805.09, Toronto, ON",5350805.09,143871.03
"CT0805.10, Toronto, ON",5350805.10,133751.97
"CT0805.16, Toronto, ON",5350805.16,163121.66
"CT0805.17, Toronto, ON",5350805.17,166190.29
"CT0805.18, Toronto, ON",5350805.18,136760.23
"CT0805.19, Toronto, ON",5350805.19,118081.92
"CT0805.20, Toronto, ON",5350805.20,148190.51
"CT0805.21, Toronto, ON",5350805.21,143272.2
"CT0805.22, Toronto, ON",5350805.22,170235.27
"CT0805.23, Toronto, ON",5350805.23,134115.64
"CT0805.24, Toronto, ON",5350805.24,177540.67
"CT0805.25, Toronto, ON",5350805.25,149060.68
"CT0805.26, Toronto, ON",5350805.26,928017.69
"CT0805.27, Toronto, ON",5350805.27,152238.28
"CT0806.00, Toronto, ON",5350806.00,126194.23
"CT0807.00, Toronto, ON",5350807.00,156437.69
"CT0810.01, Toronto, ON",5350810.01,85257.07
"CT0810.02, Toronto, ON",5350810.02,105411.17
"CT0810.03, Toronto, ON",5350810.03,133730.2
"CT0810.04, Toronto, ON",5350810.04,99417.81
"CT0810.05, Toronto, ON",5350810.05,143132.61
"CT0811.00, Toronto, ON",5350811.00,89378.33
"CT0812.00, Toronto, ON",5350812.00,117332.51
"CT0820.03, Toronto, ON",5350820.03,171522.06
"CT0820.04, Toronto, ON",5350820.04,150000
"CT0820.05, Toronto, ON",5350820.05,189627.54
"CT0820.06, Toronto, ON",5350820.06,110185.52
"CT0820.07, Toronto, ON",5350820.07,146165.27
"CT0830.00, Toronto, ON",5350830.00,155701.08
"CT0831.01, Toronto, ON",5350831.01,155352.97
"CT0831.02, Toronto, ON",5350831.02,123313.97
"CT0832.00, Toronto, ON",5350832.00,150280.64
